{"cameraMode":{"drawMode":0,"name":"Shaded","section":"Shading Mode"},"sceneLighting":false,"audioPlay":false,"sceneViewState":{"showFog":true,"showMaterialUpdate":false,"showSkybox":false,"showFlares":true,"showImageEffects":true,"showParticleSystems":true,"showVisualEffectGraphs":true,"m_FxEnabled":true},"in2DMode":false,"pivot":{"x":16.962665557861329,"y":14.654375076293946,"z":-16.174144744873048},"rotation":{"x":0.0003800346748903394,"y":0.9944927096366882,"z":0.1048073098063469,"w":-0.003601459786295891},"size":21.636579513549806,"orthographic":false}