{"cameraMode":{"drawMode":0,"name":"Shaded","section":"Shading Mode"},"sceneLighting":true,"audioPlay":false,"sceneViewState":{"showFog":true,"showMaterialUpdate":false,"showSkybox":true,"showFlares":true,"showImageEffects":true,"showParticleSystems":true,"showVisualEffectGraphs":true,"m_FxEnabled":true},"in2DMode":false,"pivot":{"x":0.00029456615447998047,"y":0.09626153111457825,"z":0.007788598537445068},"rotation":{"x":-0.14823511242866517,"y":-0.018693068996071817,"z":0.0028015836142003538,"w":-0.9887755513191223},"size":5.121096611022949,"orthographic":false}